"0","save("
"0","  LeagueShoot,"
"0","  LeaguePass,"
"0","  LeagueDefense,"
"0","  TournShoot,"
"0","  TournPass,"
"0","  TournDefense,"
"0",""
"0","  LeagueShoot.data,"
"0","  LeagueShoot.groupByPlayer,"
"0","  LeagueDefense.data,"
"0","  LeagueDefense.groupByPlayer,"
"0","  LeaguePass.data,"
"0","  LeaguePass.groupByPlayer,"
"0","  "
"0","  TournShoot.data,"
"0","  TournShoot.groupByPlayer,"
"0","  TournDefense.data,"
"0","  TournDefense.groupByPlayer,"
"0","  TournPass.data,"
"0","  TournPass.groupByPlayer,"
"0","  "
"0","  League.JoinedTable,"
"0","  Tourn.JoinedTable, "
"0","  League.JoinedTable.Tailored, "
"0","  Tourn.JoinedTable.Tailored, "
"0","  Tourn.JoinedTable.ranked,"
"0",""
"0","  file = ""players_joined_subset.rda"")"
